<?xml version="1.0" encoding="UTF-8" standalone="yes"?>
<TrustFrameworkPolicy
  xmlns:xsi="http://www.w3.org/2001/XMLSchema-instance"
  xmlns:xsd="http://www.w3.org/2001/XMLSchema"
  xmlns="http://schemas.microsoft.com/online/cpim/schemas/2013/06"
  PolicySchemaVersion="0.3.0.0"
  TenantId="employabilityplatformint.onmicrosoft.com"
  PolicyId="B2C_1A_signup_signin"
  PublicPolicyUri="https://employabilityplatformint.onmicrosoft.com/">

  <BasePolicy>
    <TenantId>employabilityplatformint.onmicrosoft.com</TenantId>
    <PolicyId>B2C_1A_TrustFrameworkExtensions</PolicyId>
  </BasePolicy>

  <BuildingBlocks>
    <ContentDefinitions>
      <ContentDefinition Id="api.signuporsignin">
        <LoadUri>https://was-eur-it-int-aep-wp.azurewebsites.net/Home/SignupSignin?referralUrl=https%3A%2F%2Fwas-eur-it-int-aep-wp.azurewebsites.net</LoadUri>
        <RecoveryUri>https://was-eur-it-int-aep-wp.azurewebsites.net/Home/Error</RecoveryUri>
      </ContentDefinition>
      <ContentDefinition Id="api.localaccountsignup">
        <LoadUri>https://was-eur-it-int-aep-wp.azurewebsites.net/Home/LocalSignup?referralUrl=https%3A%2F%2Fwas-eur-it-int-aep-wp.azurewebsites.net</LoadUri>
        <RecoveryUri>https://was-eur-it-int-aep-wp.azurewebsites.net/Home/Error</RecoveryUri>
      </ContentDefinition>
      <ContentDefinition Id="api.selfasserted">
        <LoadUri>https://was-eur-it-int-aep-wp.azurewebsites.net/Home/SocialSignup?referralUrl=https%3A%2F%2Fwas-eur-it-int-aep-wp.azurewebsites.net</LoadUri>
        <RecoveryUri>https://was-eur-it-int-aep-wp.azurewebsites.net/Home/Error</RecoveryUri>
      </ContentDefinition>
    </ContentDefinitions>
    <Localization Enabled="true">
      <SupportedLanguages DefaultLanguage="it" MergeBehavior="ReplaceAll">
        <SupportedLanguage>it</SupportedLanguage>
      </SupportedLanguages>
    </Localization>
  </BuildingBlocks>

  <RelyingParty>
    <DefaultUserJourney ReferenceId="SignUpOrSignIn" />

    <UserJourneyBehaviors>
      <SingleSignOn Scope="Tenant" />
      <SessionExpiryType>Rolling</SessionExpiryType>
      <SessionExpiryInSeconds>86400</SessionExpiryInSeconds>
      <ContentDefinitionParameters>
        <Parameter Name="ui_locales">{Culture:RFC5646}</Parameter>
        <Parameter Name="referralUrl">{OAUTH-KV:referralUrl}</Parameter>
      </ContentDefinitionParameters>
    </UserJourneyBehaviors>

    <TechnicalProfile Id="PolicyProfile">
      <DisplayName>PolicyProfile</DisplayName>
      <Protocol Name="OpenIdConnect" />
      <OutputClaims>
        <OutputClaim ClaimTypeReferenceId="displayName" />
        <OutputClaim ClaimTypeReferenceId="givenName" />
        <OutputClaim ClaimTypeReferenceId="surname" />
        <OutputClaim ClaimTypeReferenceId="email" />
        <OutputClaim ClaimTypeReferenceId="objectId" PartnerClaimType="sub"/>
        <OutputClaim ClaimTypeReferenceId="identityProvider" />
        <OutputClaim ClaimTypeReferenceId="socialIdpUserId" />
        <OutputClaim ClaimTypeReferenceId="userPicture" />
      </OutputClaims>
      <SubjectNamingInfo ClaimType="sub" />
    </TechnicalProfile>
  </RelyingParty>
</TrustFrameworkPolicy>
