<?xml version="1.0" encoding="utf-8" ?>
<TrustFrameworkPolicy 
  xmlns:xsi="http://www.w3.org/2001/XMLSchema-instance" 
  xmlns:xsd="http://www.w3.org/2001/XMLSchema" 
  xmlns="http://schemas.microsoft.com/online/cpim/schemas/2013/06" 
  PolicySchemaVersion="0.3.0.0" 
  TenantId="employabilityplatformint.onmicrosoft.com" 
  PolicyId="B2C_1A_TrustFrameworkExtensions" 
  PublicPolicyUri="https://employabilityplatformint.onmicrosoft.com/">
  
  <BasePolicy>
    <TenantId>employabilityplatformint.onmicrosoft.com</TenantId>
    <PolicyId>B2C_1A_TrustFrameworkBase</PolicyId>
  </BasePolicy>
  <BuildingBlocks>

  </BuildingBlocks>

  <ClaimsProviders>

	<!-- Facebook claims provider -->
    <ClaimsProvider>
      <DisplayName>Facebook</DisplayName>
      <TechnicalProfiles>
        <TechnicalProfile Id="Facebook-OAUTH">
          <Metadata>
            <Item Key="client_id">134830090607010</Item>
            <Item Key="scope">email public_profile</Item>
            <Item Key="ClaimsEndpoint">https://graph.facebook.com/me?fields=id,first_name,last_name,name,email</Item>
          </Metadata>
        </TechnicalProfile>
      </TechnicalProfiles>
    </ClaimsProvider>

	<!-- Twitter claims provider -->
	<ClaimsProvider>
      <DisplayName>Twitter</DisplayName>
      <TechnicalProfiles>
        <TechnicalProfile Id="Twitter-OAUTH1">
		  <Metadata>
			<Item Key="client_id">BdJQjXKbO9NtXTwecIXrxu2tt</Item>
            <Item Key="ClaimsEndpoint">https://api.twitter.com/1.1/account/verify_credentials.json?include_email=true</Item>
          </Metadata>
        </TechnicalProfile>
      </TechnicalProfiles>
	</ClaimsProvider>
		
	<!-- LinkedIn claims provider -->
    <ClaimsProvider>
      <DisplayName>LinkedIn</DisplayName>
      <TechnicalProfiles>
        <TechnicalProfile Id="LinkedIn-OAUTH">
          <Metadata>
		    <Item Key="client_id">77vbjjnycf1yf8</Item>
			<Item Key="ClaimsEndpoint">https://api.linkedin.com/v1/people/~:(id,first-name,last-name,email-address,picture-url)</Item>
			<Item Key="scope">r_emailaddress r_basicprofile</Item>
		  </Metadata>
        </TechnicalProfile>
      </TechnicalProfiles>
	</ClaimsProvider>

	<!-- Google claims provider -->
	<ClaimsProvider>
      <DisplayName>Google</DisplayName>
      <TechnicalProfiles>
        <TechnicalProfile Id="Google-OAUTH">
          <Metadata>
            <Item Key="ClaimsEndpoint">https://www.googleapis.com/oauth2/v1/userinfo</Item>
            <Item Key="scope">email</Item>
            <Item Key="client_id">421959505148-tn6p87627olc0knivkttu540ijfgmqlo.apps.googleusercontent.com</Item>
          </Metadata>
	    </TechnicalProfile>
      </TechnicalProfiles>
	</ClaimsProvider>

	<!-- Microsoft Live claims provider -->
	<ClaimsProvider>
      <DisplayName>Microsoft Account</DisplayName>
      <TechnicalProfiles>
        <TechnicalProfile Id="MSA-OIDC">
          <Metadata>
            <Item Key="METADATA">https://login.live.com/.well-known/openid-configuration</Item>
            <Item Key="scope">openid profile email</Item>
            <Item Key="client_id">1250e9dd-046d-482b-aa9f-ae13b3efdc13</Item>
          </Metadata>
        </TechnicalProfile>
      </TechnicalProfiles>
	</ClaimsProvider>

    <ClaimsProvider>
      <DisplayName>Local Account SignIn</DisplayName>
      <TechnicalProfiles>
        <TechnicalProfile Id="login-NonInteractive">
          <Metadata>
            <Item Key="client_id">292bc0a4-0776-4ec5-b726-e77c0d35778b</Item>
            <Item Key="IdTokenAudience">9234f9e7-8dd7-4b64-a3e3-e001ead71998</Item>
          </Metadata>
          <InputClaims>
            <InputClaim ClaimTypeReferenceId="client_id" DefaultValue="292bc0a4-0776-4ec5-b726-e77c0d35778b" />
            <InputClaim ClaimTypeReferenceId="resource_id" PartnerClaimType="resource" DefaultValue="9234f9e7-8dd7-4b64-a3e3-e001ead71998" />
          </InputClaims>
        </TechnicalProfile>
      </TechnicalProfiles>
    </ClaimsProvider>

  </ClaimsProviders>

  <UserJourneys>
	<UserJourney Id="SignUpOrSignIn">
      <OrchestrationSteps>
      
        <OrchestrationStep Order="1" Type="CombinedSignInAndSignUp" ContentDefinitionReferenceId="api.signuporsignin">
          <ClaimsProviderSelections>
            <ClaimsProviderSelection TargetClaimsExchangeId="FacebookExchange" />
            <ClaimsProviderSelection TargetClaimsExchangeId="TwitterExchange" />
            <ClaimsProviderSelection TargetClaimsExchangeId="LinkedInExchange" />
            <ClaimsProviderSelection TargetClaimsExchangeId="GoogleExchange" />
            <ClaimsProviderSelection TargetClaimsExchangeId="MicrosoftAccountExchange" />
			<ClaimsProviderSelection ValidationClaimsExchangeId="LocalAccountSigninEmailExchange" />
		  </ClaimsProviderSelections>
          <ClaimsExchanges>
            <ClaimsExchange Id="LocalAccountSigninEmailExchange" TechnicalProfileReferenceId="SelfAsserted-LocalAccountSignin-Email" />
          </ClaimsExchanges>
        </OrchestrationStep>

        <!-- Check if the user has selected to sign in using one of the social providers -->
        <OrchestrationStep Order="2" Type="ClaimsExchange">
          <Preconditions>
            <Precondition Type="ClaimsExist" ExecuteActionsIf="true">
              <Value>objectId</Value>
              <Action>SkipThisOrchestrationStep</Action>
            </Precondition>
          </Preconditions>
          <ClaimsExchanges>
            <ClaimsExchange Id="FacebookExchange" TechnicalProfileReferenceId="Facebook-OAUTH" />
            <ClaimsExchange Id="TwitterExchange" TechnicalProfileReferenceId="Twitter-OAUTH1" />
			<ClaimsExchange Id="LinkedInExchange" TechnicalProfileReferenceId="LinkedIn-OAUTH" />
			<ClaimsExchange Id="GoogleExchange" TechnicalProfileReferenceId="Google-OAUTH" />
			<ClaimsExchange Id="MicrosoftAccountExchange" TechnicalProfileReferenceId="MSA-OIDC" />
			<ClaimsExchange Id="SignUpWithLogonEmailExchange" TechnicalProfileReferenceId="LocalAccountSignUpWithLogonEmail" />
          </ClaimsExchanges>
        </OrchestrationStep>

        <!-- For social IDP authentication, attempt to find the user account in the directory. -->
        <OrchestrationStep Order="3" Type="ClaimsExchange">
          <Preconditions>
            <Precondition Type="ClaimEquals" ExecuteActionsIf="true">
              <Value>authenticationSource</Value>
              <Value>localAccountAuthentication</Value>
              <Action>SkipThisOrchestrationStep</Action>
            </Precondition>
          </Preconditions>
          <ClaimsExchanges>
            <ClaimsExchange Id="AADUserReadUsingAlternativeSecurityId" TechnicalProfileReferenceId="AAD-UserReadUsingAlternativeSecurityId-NoError" />
          </ClaimsExchanges>
        </OrchestrationStep>

        <!-- Show self-asserted page only if the directory does not have the user account already (i.e. we do not have an objectId). 
          This can only happen when authentication happened using a social IDP. If local account was created or authentication done
          using ESTS in step 2, then an user account must exist in the directory by this time. -->
        <OrchestrationStep Order="4" Type="ClaimsExchange">
          <Preconditions>
            <Precondition Type="ClaimsExist" ExecuteActionsIf="true">
              <Value>objectId</Value>
              <Action>SkipThisOrchestrationStep</Action>
            </Precondition>
          </Preconditions>
          <ClaimsExchanges>
            <ClaimsExchange Id="SelfAsserted-Social" TechnicalProfileReferenceId="SelfAsserted-Social" />
          </ClaimsExchanges>
        </OrchestrationStep>

        <!-- This step reads any user attributes that we may not have received when authenticating using ESTS so they can be sent 
          in the token. -->
        <OrchestrationStep Order="5" Type="ClaimsExchange">
          <Preconditions>
            <Precondition Type="ClaimEquals" ExecuteActionsIf="true">
              <Value>authenticationSource</Value>
              <Value>socialIdpAuthentication</Value>
              <Action>SkipThisOrchestrationStep</Action>
            </Precondition>
          </Preconditions>
          <ClaimsExchanges>
            <ClaimsExchange Id="AADUserReadWithObjectId" TechnicalProfileReferenceId="AAD-UserReadUsingObjectId" />
          </ClaimsExchanges>
        </OrchestrationStep>
        <!-- The previous step (SelfAsserted-Social) could have been skipped if there were no attributes to collect 
             from the user. So, in that case, create the user in the directory if one does not already exist 
             (verified using objectId which would be set from the last step if account was created in the directory. -->
        <OrchestrationStep Order="6" Type="ClaimsExchange">
          <Preconditions>
            <Precondition Type="ClaimsExist" ExecuteActionsIf="true">
              <Value>objectId</Value>
              <Action>SkipThisOrchestrationStep</Action>
            </Precondition>
          </Preconditions>
          <ClaimsExchanges>
            <ClaimsExchange Id="AADUserWrite" TechnicalProfileReferenceId="AAD-UserWriteUsingAlternativeSecurityId" />
          </ClaimsExchanges>
        </OrchestrationStep>
 
        <OrchestrationStep Order="7" Type="SendClaims" CpimIssuerTechnicalProfileReferenceId="JwtIssuer" />
 
      </OrchestrationSteps>
      <ClientDefinition ReferenceId="DefaultWeb" />
    </UserJourney>

    <UserJourney Id="ProfileEdit">
      <OrchestrationSteps>
      
        <OrchestrationStep Order="1" Type="ClaimsProviderSelection" ContentDefinitionReferenceId="api.idpselections">
          <ClaimsProviderSelections>
            <ClaimsProviderSelection TargetClaimsExchangeId="FacebookExchange" />
            <ClaimsProviderSelection TargetClaimsExchangeId="LocalAccountSigninEmailExchange" />
          </ClaimsProviderSelections>
        </OrchestrationStep>
        <OrchestrationStep Order="2" Type="ClaimsExchange">
          <ClaimsExchanges>
            <ClaimsExchange Id="FacebookExchange" TechnicalProfileReferenceId="Facebook-OAUTH" />
            <ClaimsExchange Id="LocalAccountSigninEmailExchange" TechnicalProfileReferenceId="SelfAsserted-LocalAccountSignin-Email" />
          </ClaimsExchanges>
        </OrchestrationStep>
        <OrchestrationStep Order="3" Type="ClaimsExchange">
          <Preconditions>
            <Precondition Type="ClaimEquals" ExecuteActionsIf="true">
              <Value>authenticationSource</Value>
              <Value>localAccountAuthentication</Value>
              <Action>SkipThisOrchestrationStep</Action>
            </Precondition>
          </Preconditions>
          <ClaimsExchanges>
            <ClaimsExchange Id="AADUserRead" TechnicalProfileReferenceId="AAD-UserReadUsingAlternativeSecurityId" />
          </ClaimsExchanges>
        </OrchestrationStep>
        <OrchestrationStep Order="4" Type="ClaimsExchange">
          <Preconditions>
            <Precondition Type="ClaimEquals" ExecuteActionsIf="true">
              <Value>authenticationSource</Value>
              <Value>socialIdpAuthentication</Value>
              <Action>SkipThisOrchestrationStep</Action>
            </Precondition>
          </Preconditions>
          <ClaimsExchanges>
            <ClaimsExchange Id="AADUserReadWithObjectId" TechnicalProfileReferenceId="AAD-UserReadUsingObjectId" />
          </ClaimsExchanges>
        </OrchestrationStep>
 
        <OrchestrationStep Order="5" Type="ClaimsExchange">
          <ClaimsExchanges>
            <ClaimsExchange Id="B2CUserProfileUpdateExchange" TechnicalProfileReferenceId="SelfAsserted-ProfileUpdate" />
          </ClaimsExchanges>
        </OrchestrationStep>
        <OrchestrationStep Order="6" Type="SendClaims" CpimIssuerTechnicalProfileReferenceId="JwtIssuer" />
 
      </OrchestrationSteps>
      <ClientDefinition ReferenceId="DefaultWeb" />
    </UserJourney>

    <UserJourney Id="PasswordReset">
      <OrchestrationSteps>
        <OrchestrationStep Order="1" Type="ClaimsExchange">
          <ClaimsExchanges>
            <ClaimsExchange Id="PasswordResetUsingEmailAddressExchange" TechnicalProfileReferenceId="LocalAccountDiscoveryUsingEmailAddress" />
          </ClaimsExchanges>
        </OrchestrationStep>
        <OrchestrationStep Order="2" Type="ClaimsExchange">
          <ClaimsExchanges>
            <ClaimsExchange Id="NewCredentials" TechnicalProfileReferenceId="LocalAccountWritePasswordUsingObjectId" />
          </ClaimsExchanges>
        </OrchestrationStep>
        <OrchestrationStep Order="3" Type="SendClaims" CpimIssuerTechnicalProfileReferenceId="JwtIssuer" />
      </OrchestrationSteps>
      <ClientDefinition ReferenceId="DefaultWeb" />
    </UserJourney>

  </UserJourneys>

</TrustFrameworkPolicy>