<?xml version="1.0" encoding="UTF-8" standalone="yes"?>
<TrustFrameworkPolicy
  xmlns:xsi="http://www.w3.org/2001/XMLSchema-instance"
  xmlns:xsd="http://www.w3.org/2001/XMLSchema"
  xmlns="http://schemas.microsoft.com/online/cpim/schemas/2013/06"
  PolicySchemaVersion="0.3.0.0"
  TenantId="employabilityplatformint.onmicrosoft.com"
  PolicyId="B2C_1A_TrustFrameworkBase"
  PublicPolicyUri="https://employabilityplatformint.onmicrosoft.com/">

  <BuildingBlocks>
    <ClaimsSchema>
      <!-- The ClaimsSchema is divided into three sections:
           1. Section I lists the minimum claims that are required for the user journeys to work properly.
           2. Section II lists the claims required for query string parameters and other special parameters 
              to be passed to other claims providers, esp. login.microsoftonline.com for authentication. 
              Please do not modify these claims.
           3. Section III lists any additional (optional) claims that can be collected from the user, stored 
              in the directory and sent in tokens during sign in. Add new claims to be collected from the user 
              and/or sent in the token in Section III. -->

      <!-- NOTE: The claims schema contains restrictions on certain claims such as passwords and usernames. 
           The trust framework policy treats Azure AD as any other claims provider and all its restrictions 
           are modelled in the policy. A policy could be modified to add more restrictions, or use another 
           claims provider for credential storage which will have its own restrictions. -->

      <!-- SECTION I: Claims required for user journeys to work properly -->

      <ClaimType Id="socialIdpUserId">
        <DisplayName>Username</DisplayName>
        <DataType>string</DataType>
        <UserHelpText/>
        <UserInputType>TextBox</UserInputType>
        <Restriction>
          <Pattern RegularExpression="^[a-zA-Z0-9]+[a-zA-Z0-9_-]*$" HelpText="The username you provided is not valid. It must begin with an alphabet or number and can contain alphabets, numbers and the following symbols: _ -" />
        </Restriction>
      </ClaimType>

      <ClaimType Id="tenantId">
        <DisplayName>User's Object's Tenant ID</DisplayName>
        <DataType>string</DataType>
        <DefaultPartnerClaimTypes>
          <Protocol Name="OAuth2" PartnerClaimType="tid" />
          <Protocol Name="OpenIdConnect" PartnerClaimType="tid" />
          <Protocol Name="SAML2" PartnerClaimType="http://schemas.microsoft.com/identity/claims/tenantid" />
        </DefaultPartnerClaimTypes>
        <UserHelpText>Tenant identifier (ID) of the user object in Azure AD.</UserHelpText>
      </ClaimType>

      <ClaimType Id="objectId">
        <DisplayName>User's Object ID</DisplayName>
        <DataType>string</DataType>
        <DefaultPartnerClaimTypes>
          <Protocol Name="OAuth2" PartnerClaimType="oid" />
          <Protocol Name="OpenIdConnect" PartnerClaimType="oid" />
          <Protocol Name="SAML2" PartnerClaimType="http://schemas.microsoft.com/identity/claims/objectidentifier" />
        </DefaultPartnerClaimTypes>
        <UserHelpText>Object identifier (ID) of the user object in Azure AD.</UserHelpText>
      </ClaimType>

      <!-- Claims needed for local accounts. -->
      <ClaimType Id="signInName">
        <DisplayName>Sign in name</DisplayName>
        <DataType>string</DataType>
        <UserHelpText/>
        <UserInputType>TextBox</UserInputType>
      </ClaimType>

      <ClaimType Id="signInNames.emailAddress">
        <DisplayName>Indirizzo e-mail</DisplayName>
        <DataType>string</DataType>
        <UserHelpText>Indirizzo e-mail da associare alla registrazizone.</UserHelpText>
        <UserInputType>TextBox</UserInputType>
      </ClaimType>

      <ClaimType Id="password">
        <DisplayName>Password</DisplayName>
        <DataType>string</DataType>
        <UserHelpText>Inserisci una password</UserHelpText>
        <UserInputType>Password</UserInputType>
      </ClaimType>

      <!-- The claim types newPassword and reenterPassword are considered special, please do not change the names. 
           The UI validates the the user correctly re-entered their password during account creation based on these 
           claim types.	  -->
      <ClaimType Id="newPassword">
        <DisplayName>Nuova Password</DisplayName>
        <DataType>string</DataType>
        <UserHelpText>Inserisci una nuova password</UserHelpText>
        <UserInputType>Password</UserInputType>
        <Restriction>
          <Pattern RegularExpression="^((?=.*[a-z])(?=.*[A-Z])(?=.*\d)|(?=.*[a-z])(?=.*[A-Z])(?=.*[^A-Za-z0-9])|(?=.*[a-z])(?=.*\d)(?=.*[^A-Za-z0-9])|(?=.*[A-Z])(?=.*\d)(?=.*[^A-Za-z0-9]))([A-Za-z\d@#$%^&amp;*\-_+=[\]{}|\\:',?/`~&quot;();!]|\.(?!@)){8,16}$" HelpText="8-16 characters, containing 3 out of 4 of the following: Lowercase characters, uppercase characters, digits (0-9), and one or more of the following symbols: @ # $ % ^ &amp; * - _ + = [ ] { } | \ : ' , ? / ` ~ &quot; ( ) ; ." />
        </Restriction>
      </ClaimType>
      <!-- The password regular expression above is constructed for AAD passwords based on restrictions at https://msdn.microsoft.com/en-us/library/azure/jj943764.aspx
        ^( # one of the following four combinations must appear in the password
         (?=.*[a-z])(?=.*[A-Z])(?=.*\d) |            # matches lower case, upper case or digit
         (?=.*[a-z])(?=.*[A-Z])(?=.*[^A-Za-z0-9]) |  # matches lower case, upper case or special character (i.e. non-alpha or digit)
         (?=.*[a-z])(?=.*\d)(?=.*[^A-Za-z0-9]) |     # matches lower case, digit, or special character
         (?=.*[A-Z])(?=.*\d)(?=.*[^A-Za-z0-9])       # matches upper case, digit, or special character
        )
        ( # The password must match the following restrictions
         [A-Za-z\d@#$%^&*\-_+=[\]{}|\\:',?/`~"();!] |   # The list of all acceptable characters (without .)
         \.(?!@)                                        # or . can appear as long as not followed by @
        ) {8,16}$                                       # the length must be between 8 and 16 chars inclusive
      -->

      <ClaimType Id="reenterPassword">
        <DisplayName>Conferma nuova Password</DisplayName>
        <DataType>string</DataType>
        <UserHelpText>Confirma la nuova password</UserHelpText>
        <UserInputType>Password</UserInputType>
        <Restriction>
          <Pattern RegularExpression="^((?=.*[a-z])(?=.*[A-Z])(?=.*\d)|(?=.*[a-z])(?=.*[A-Z])(?=.*[^A-Za-z0-9])|(?=.*[a-z])(?=.*\d)(?=.*[^A-Za-z0-9])|(?=.*[A-Z])(?=.*\d)(?=.*[^A-Za-z0-9]))([A-Za-z\d@#$%^&amp;*\-_+=[\]{}|\\:',?/`~&quot;();!]|\.(?!@)){8,16}$" HelpText=" " />
        </Restriction>
      </ClaimType>

      <ClaimType Id="passwordPolicies">
        <DisplayName>Password Policies</DisplayName>
        <DataType>string</DataType>
        <UserHelpText>Password policies used by Azure AD to determine password strength, expiry etc.</UserHelpText>
      </ClaimType>

      <ClaimType Id="client_id">
        <DisplayName>client_id</DisplayName>
        <DataType>string</DataType>
        <AdminHelpText>Special parameter passed to EvoSTS.</AdminHelpText>
        <UserHelpText>Special parameter passed to EvoSTS.</UserHelpText>
      </ClaimType>

      <ClaimType Id="resource_id">
        <DisplayName>resource_id</DisplayName>
        <DataType>string</DataType>
        <AdminHelpText>Special parameter passed to EvoSTS.</AdminHelpText>
        <UserHelpText>Special parameter passed to EvoSTS.</UserHelpText>
      </ClaimType>

      <ClaimType Id="sub">
        <DisplayName>Subject</DisplayName>
        <DataType>string</DataType>
        <DefaultPartnerClaimTypes>
          <Protocol Name="OpenIdConnect" PartnerClaimType="sub" />
        </DefaultPartnerClaimTypes>
        <UserHelpText/>
      </ClaimType>

      <ClaimType Id="alternativeSecurityId">
        <DisplayName>AlternativeSecurityId</DisplayName>
        <DataType>string</DataType>
        <UserHelpText/>
      </ClaimType>

      <ClaimType Id="mailNickName">
        <DisplayName>MailNickName</DisplayName>
        <DataType>string</DataType>
        <UserHelpText>Your mail nick name as stored in the Azure Active Directory.</UserHelpText>
      </ClaimType>

      <ClaimType Id="identityProvider">
        <DisplayName>Identity Provider</DisplayName>
        <DataType>string</DataType>
        <DefaultPartnerClaimTypes>
          <Protocol Name="OAuth2" PartnerClaimType="idp" />
          <Protocol Name="OpenIdConnect" PartnerClaimType="idp" />
          <Protocol Name="SAML2" PartnerClaimType="http://schemas.microsoft.com/identity/claims/identityprovider" />
        </DefaultPartnerClaimTypes>
        <UserHelpText/>
      </ClaimType>

      <ClaimType Id="displayName">
        <DisplayName>Nome pubblico</DisplayName>
        <DataType>string</DataType>
        <DefaultPartnerClaimTypes>
          <Protocol Name="OAuth2" PartnerClaimType="unique_name" />
          <Protocol Name="OpenIdConnect" PartnerClaimType="name" />
          <Protocol Name="SAML2" PartnerClaimType="http://schemas.xmlsoap.org/ws/2005/05/identity/claims/name" />
        </DefaultPartnerClaimTypes>
        <UserHelpText>Il tuo nome pubblico.</UserHelpText>
        <UserInputType>TextBox</UserInputType>
      </ClaimType>

      <ClaimType Id="email">
        <DisplayName>Indirizzo e-mail</DisplayName>
        <DataType>string</DataType>
        <DefaultPartnerClaimTypes>
          <Protocol Name="OAuth2" PartnerClaimType="email" />
          <Protocol Name="OpenIdConnect" PartnerClaimType="email" />
          <Protocol Name="SAML2" PartnerClaimType="http://schemas.xmlsoap.org/ws/2005/05/identity/claims/email" />
        </DefaultPartnerClaimTypes>
        <UserHelpText>Indirizzo e-mail da associare alla registrazione.</UserHelpText>
        <UserInputType>TextBox</UserInputType>
        <Restriction>
          <Pattern RegularExpression="^[a-zA-Z0-9.!#$%&amp;'^_`{}~-]+@[a-zA-Z0-9-]+(?:\.[a-zA-Z0-9-]+)*$" HelpText="L'indirizzo inserito non è valido." />
        </Restriction>
      </ClaimType>

      <ClaimType Id="otherMails">
        <DisplayName>Alternate Email Addresses</DisplayName>
        <DataType>stringCollection</DataType>
        <UserHelpText>Email addresses that can be used to contact the user.</UserHelpText>
      </ClaimType>

      <ClaimType Id="userPrincipalName">
        <DisplayName>UserPrincipalName</DisplayName>
        <DataType>string</DataType>
        <DefaultPartnerClaimTypes>
          <Protocol Name="OAuth2" PartnerClaimType="upn" />
          <Protocol Name="OpenIdConnect" PartnerClaimType="upn" />
          <Protocol Name="SAML2" PartnerClaimType="http://schemas.microsoft.com/identity/claims/userprincipalname" />
        </DefaultPartnerClaimTypes>
        <UserHelpText>Your user name as stored in the Azure Active Directory.</UserHelpText>
      </ClaimType>

      <ClaimType Id="upnUserName">
        <DisplayName>UPN User Name</DisplayName>
        <DataType>string</DataType>
        <UserHelpText>The user name for creating user principal name.</UserHelpText>
      </ClaimType>

      <ClaimType Id="newUser">
        <DisplayName>User is new</DisplayName>
        <DataType>boolean</DataType>
        <UserHelpText/>
      </ClaimType>

      <ClaimType Id="executed-SelfAsserted-Input">
        <DisplayName>Executed-SelfAsserted-Input</DisplayName>
        <DataType>string</DataType>
        <UserHelpText>A claim that specifies whether attributes were collected from the user.</UserHelpText>
      </ClaimType>

      <ClaimType Id="authenticationSource">
        <DisplayName>AuthenticationSource</DisplayName>
        <DataType>string</DataType>
        <UserHelpText>Specifies whether the user was authenticated at Social IDP or local account.</UserHelpText>
      </ClaimType>

      <!-- SECTION II: Claims required to pass on special parameters (including some query string parameters) to other claims providers -->

      <ClaimType Id="nca">
        <DisplayName>nca</DisplayName>
        <DataType>string</DataType>
        <UserHelpText>Special parameter passed for local account authentication to login.microsoftonline.com.</UserHelpText>
      </ClaimType>

      <ClaimType Id="grant_type">
        <DisplayName>grant_type</DisplayName>
        <DataType>string</DataType>
        <UserHelpText>Special parameter passed for local account authentication to login.microsoftonline.com.</UserHelpText>
      </ClaimType>

      <ClaimType Id="scope">
        <DisplayName>scope</DisplayName>
        <DataType>string</DataType>
        <UserHelpText>Special parameter passed for local account authentication to login.microsoftonline.com.</UserHelpText>
      </ClaimType>

      <ClaimType Id="objectIdFromSession">
        <DisplayName>objectIdFromSession</DisplayName>
        <DataType>boolean</DataType>
        <UserHelpText>Parameter provided by the default session management provider to indicate that the object id has been retrieved from an SSO session.</UserHelpText>
      </ClaimType>

      <ClaimType Id="isActiveMFASession">
        <DisplayName>isActiveMFASession</DisplayName>
        <DataType>boolean</DataType>
        <UserHelpText>Parameter provided by the MFA session management to indicate that the user has an active MFA session.</UserHelpText>
      </ClaimType>

      <!-- SECTION III: Additional claims that can be collected from the users, stored in the directory, and sent in the token. Add additional claims here. -->

      <ClaimType Id="givenName">
        <DisplayName>Nome</DisplayName>
        <DataType>string</DataType>
        <DefaultPartnerClaimTypes>
          <Protocol Name="OAuth2" PartnerClaimType="given_name" />
          <Protocol Name="OpenIdConnect" PartnerClaimType="given_name" />
          <Protocol Name="SAML2" PartnerClaimType="http://schemas.xmlsoap.org/ws/2005/05/identity/claims/givenname" />
        </DefaultPartnerClaimTypes>
        <UserHelpText>Inserisci il tuo nome.</UserHelpText>
        <UserInputType>TextBox</UserInputType>
      </ClaimType>

      <ClaimType Id="surname">
        <DisplayName>Cognome</DisplayName>
        <DataType>string</DataType>
        <DefaultPartnerClaimTypes>
          <Protocol Name="OAuth2" PartnerClaimType="family_name" />
          <Protocol Name="OpenIdConnect" PartnerClaimType="family_name" />
          <Protocol Name="SAML2" PartnerClaimType="http://schemas.xmlsoap.org/ws/2005/05/identity/claims/surname" />
        </DefaultPartnerClaimTypes>
        <UserHelpText>Inserisci il tuo cognome.</UserHelpText>
        <UserInputType>TextBox</UserInputType>
      </ClaimType>

      <ClaimType Id="emails">
        <DisplayName>Emails</DisplayName>
        <DataType>stringCollection</DataType>
        <AdminHelpText>Email addresses of the user.</AdminHelpText>
        <UserHelpText>Your email addresses.</UserHelpText>
      </ClaimType>

      <ClaimType Id="userPicture">
        <DisplayName>Immagine di profilo</DisplayName>
        <DataType>string</DataType>
        <UserHelpText>Indirizzo web della tua immagine di profilo</UserHelpText>
        <UserInputType>TextBox</UserInputType>
      </ClaimType>

    </ClaimsSchema>

    <ClaimsTransformations>
      <ClaimsTransformation Id="CreateOtherMailsFromEmail" TransformationMethod="AddItemToStringCollection">
        <InputClaims>
          <InputClaim ClaimTypeReferenceId="email" TransformationClaimType="item" />
          <InputClaim ClaimTypeReferenceId="otherMails" TransformationClaimType="collection" />
        </InputClaims>
        <OutputClaims>
          <OutputClaim ClaimTypeReferenceId="otherMails" TransformationClaimType="collection" />
        </OutputClaims>
      </ClaimsTransformation>

      <ClaimsTransformation Id="CreateRandomUPNUserName" TransformationMethod="CreateRandomString">
        <InputParameters>
          <InputParameter Id="randomGeneratorType" DataType="string" Value="GUID" />
        </InputParameters>
        <OutputClaims>
          <OutputClaim ClaimTypeReferenceId="upnUserName" TransformationClaimType="outputClaim" />
        </OutputClaims>
      </ClaimsTransformation>

      <ClaimsTransformation Id="CreateUserPrincipalName" TransformationMethod="FormatStringClaim">
        <InputClaims>
          <InputClaim ClaimTypeReferenceId="upnUserName" TransformationClaimType="inputClaim" />
        </InputClaims>
        <InputParameters>
          <InputParameter Id="stringFormat" DataType="string" Value="cpim_{0}@{RelyingPartyTenantId}" />
        </InputParameters>
        <OutputClaims>
          <OutputClaim ClaimTypeReferenceId="userPrincipalName" TransformationClaimType="outputClaim" />
        </OutputClaims>
      </ClaimsTransformation>

      <ClaimsTransformation Id="CreateAlternativeSecurityId" TransformationMethod="CreateAlternativeSecurityId">
        <InputClaims>
          <InputClaim ClaimTypeReferenceId="socialIdpUserId" TransformationClaimType="key" />
          <InputClaim ClaimTypeReferenceId="identityProvider" TransformationClaimType="identityProvider" />
        </InputClaims>
        <OutputClaims>
          <OutputClaim ClaimTypeReferenceId="alternativeSecurityId" TransformationClaimType="alternativeSecurityId" />
        </OutputClaims>
      </ClaimsTransformation>

      <ClaimsTransformation Id="CreateSubjectClaimFromAlternativeSecurityId" TransformationMethod="CreateStringClaim">
        <InputParameters>
          <InputParameter Id="value" DataType="string" Value="Not supported currently. Use oid claim." />
        </InputParameters>
        <OutputClaims>
          <OutputClaim ClaimTypeReferenceId="sub" TransformationClaimType="createdClaim" />
        </OutputClaims>
      </ClaimsTransformation>

    </ClaimsTransformations>

    <ClientDefinitions>
      <ClientDefinition Id="DefaultWeb">
        <ClientUIFilterFlags>LineMarkers, MetaRefresh</ClientUIFilterFlags>
      </ClientDefinition>
    </ClientDefinitions>

    <ContentDefinitions>

      <!-- This content definition is to render an error page that displays unhandled errors. -->
      <ContentDefinition Id="api.error">
        <LoadUri>~/tenant/default/exception.cshtml</LoadUri>
        <RecoveryUri>~/common/default_page_error.html</RecoveryUri>
        <DataUri>urn:com:microsoft:aad:b2c:elements:globalexception:1.1.0</DataUri>
        <Metadata>
          <Item Key="DisplayName">Error page</Item>
        </Metadata>
      </ContentDefinition>

      <ContentDefinition Id="api.idpselections">
        <LoadUri>~/tenant/default/idpSelector.cshtml</LoadUri>
        <RecoveryUri>~/common/default_page_error.html</RecoveryUri>
        <DataUri>urn:com:microsoft:aad:b2c:elements:idpselection:1.0.0</DataUri>
        <Metadata>
          <Item Key="DisplayName">Idp selection page</Item>
          <Item Key="language.intro">Sign in</Item>
        </Metadata>
      </ContentDefinition>

      <ContentDefinition Id="api.idpselections.signup">
        <LoadUri>~/tenant/default/idpSelector.cshtml</LoadUri>
        <RecoveryUri>~/common/default_page_error.html</RecoveryUri>
        <DataUri>urn:com:microsoft:aad:b2c:elements:idpselection:1.0.0</DataUri>
        <Metadata>
          <Item Key="DisplayName">Idp selection page</Item>
          <Item Key="language.intro">Sign up</Item>
        </Metadata>
      </ContentDefinition>

      <ContentDefinition Id="api.signuporsignin">
        <LoadUri>~/tenant/default/unified.cshtml</LoadUri>
        <RecoveryUri>~/common/default_page_error.html</RecoveryUri>
        <DataUri>urn:com:microsoft:aad:b2c:elements:unifiedssp:1.0.0</DataUri>
        <Metadata>
          <Item Key="DisplayName">Signin and Signup</Item>
        </Metadata>
      </ContentDefinition>

      <ContentDefinition Id="api.selfasserted">
        <LoadUri>~/tenant/default/selfAsserted.cshtml</LoadUri>
        <RecoveryUri>~/common/default_page_error.html</RecoveryUri>
        <DataUri>urn:com:microsoft:aad:b2c:elements:selfasserted:1.1.0</DataUri>
        <Metadata>
          <Item Key="DisplayName">Collect information from user page</Item>
        </Metadata>
      </ContentDefinition>

      <ContentDefinition Id="api.selfasserted.profileupdate">
        <LoadUri>~/tenant/default/updateProfile.cshtml</LoadUri>
        <RecoveryUri>~/common/default_page_error.html</RecoveryUri>
        <DataUri>urn:com:microsoft:aad:b2c:elements:selfasserted:1.1.0</DataUri>
        <Metadata>
          <Item Key="DisplayName">Collect information from user page</Item>
        </Metadata>
      </ContentDefinition>

      <ContentDefinition Id="api.localaccountsignup">
        <LoadUri>~/tenant/default/selfAsserted.cshtml</LoadUri>
        <RecoveryUri>~/common/default_page_error.html</RecoveryUri>
        <DataUri>urn:com:microsoft:aad:b2c:elements:selfasserted:1.1.0</DataUri>
        <Metadata>
          <Item Key="DisplayName">Local account sign up page</Item>
        </Metadata>
      </ContentDefinition>

      <ContentDefinition Id="api.localaccountpasswordreset">
        <LoadUri>~/tenant/default/selfAsserted.cshtml</LoadUri>
        <RecoveryUri>~/common/default_page_error.html</RecoveryUri>
        <DataUri>urn:com:microsoft:aad:b2c:elements:selfasserted:1.1.0</DataUri>
        <Metadata>
          <Item Key="DisplayName">Local account change password page</Item>
        </Metadata>
      </ContentDefinition>

    </ContentDefinitions>
  </BuildingBlocks>

  <!--
        A list of all the claim providers that can be used in the technical policies. If a claims provider is not listed 
        in this section, then it cannot be used in a technical policy.
    -->
  <ClaimsProviders>

    <!-- Facebook claims provider -->
    <ClaimsProvider>
      <!-- The following Domain element allows this profile to be used if the request comes with domain_hint 
           query string parameter, e.g. domain_hint=facebook.com  -->
      <Domain>facebook.com</Domain>
      <DisplayName>Facebook</DisplayName>
      <TechnicalProfiles>
        <TechnicalProfile Id="Facebook-OAUTH">
          <!-- The text in the following DisplayName element is shown to the user on the claims provider 
               selection screen. -->
          <DisplayName>Facebook</DisplayName>
          <Protocol Name="OAuth2" />
          <Metadata>
            <Item Key="ProviderName">facebook</Item>
            <Item Key="authorization_endpoint">https://www.facebook.com/dialog/oauth</Item>
            <Item Key="AccessTokenEndpoint">https://graph.facebook.com/oauth/access_token</Item>
            <Item Key="HttpBinding">GET</Item>
            <Item Key="UsePolicyInRedirectUri">0</Item>

            <!-- The Facebook required HTTP GET method, but the access token response is in JSON format from 3/27/2017 -->
            <Item Key="AccessTokenResponseFormat">json</Item>
          </Metadata>
          <CryptographicKeys>
            <Key Id="client_secret" StorageReferenceId="B2C_1A_FacebookSecret" />
          </CryptographicKeys>
          <InputClaims />
          <OutputClaims>
            <OutputClaim ClaimTypeReferenceId="socialIdpUserId" PartnerClaimType="id" />
            <OutputClaim ClaimTypeReferenceId="givenName" PartnerClaimType="first_name" />
            <OutputClaim ClaimTypeReferenceId="surname" PartnerClaimType="last_name" />
            <OutputClaim ClaimTypeReferenceId="displayName" PartnerClaimType="name" />
            <OutputClaim ClaimTypeReferenceId="email" PartnerClaimType="email" />
            <OutputClaim ClaimTypeReferenceId="identityProvider" DefaultValue="facebook.com" />
            <OutputClaim ClaimTypeReferenceId="authenticationSource" DefaultValue="socialIdpAuthentication" />
          </OutputClaims>
          <OutputClaimsTransformations>
            <OutputClaimsTransformation ReferenceId="CreateRandomUPNUserName" />
            <OutputClaimsTransformation ReferenceId="CreateUserPrincipalName" />
            <OutputClaimsTransformation ReferenceId="CreateAlternativeSecurityId" />
          </OutputClaimsTransformations>
          <UseTechnicalProfileForSessionManagement ReferenceId="SM-SocialLogin" />
        </TechnicalProfile>
      </TechnicalProfiles>
    </ClaimsProvider>

    <!-- Twitter claims provider -->
    <ClaimsProvider>
      <Domain>twitter.com</Domain>
      <DisplayName>Twitter</DisplayName>
      <TechnicalProfiles>
        <TechnicalProfile Id="Twitter-OAUTH1">
          <DisplayName>Twitter</DisplayName>
          <Protocol Name="OAuth1" />
          <Metadata>
            <Item Key="ProviderName">Twitter</Item>
            <Item Key="authorization_endpoint">https://api.twitter.com/oauth/authenticate</Item>
            <Item Key="access_token_endpoint">https://api.twitter.com/oauth/access_token</Item>
            <Item Key="request_token_endpoint">https://api.twitter.com/oauth/request_token</Item>
            <Item Key="ClaimsResponseFormat">json</Item>
          </Metadata>
          <CryptographicKeys>
            <Key Id="client_secret" StorageReferenceId="B2C_1A_TwitterSecret" />
          </CryptographicKeys>
          <InputClaims />
          <OutputClaims>
            <OutputClaim ClaimTypeReferenceId="socialIdpUserId" PartnerClaimType="user_id" />
            <OutputClaim ClaimTypeReferenceId="displayName" PartnerClaimType="screen_name" />
            <OutputClaim ClaimTypeReferenceId="givenName" PartnerClaimType="given_name" />
            <OutputClaim ClaimTypeReferenceId="surname" PartnerClaimType="family_name" />
            <OutputClaim ClaimTypeReferenceId="email" PartnerClaimType="email"/>
            <OutputClaim ClaimTypeReferenceId="identityProvider" DefaultValue="twitter.com" />
            <OutputClaim ClaimTypeReferenceId="authenticationSource" DefaultValue="socialIdpAuthentication" />
          </OutputClaims>
          <OutputClaimsTransformations>
            <OutputClaimsTransformation ReferenceId="CreateRandomUPNUserName" />
            <OutputClaimsTransformation ReferenceId="CreateUserPrincipalName" />
            <OutputClaimsTransformation ReferenceId="CreateAlternativeSecurityId" />
            <OutputClaimsTransformation ReferenceId="CreateSubjectClaimFromAlternativeSecurityId" />
          </OutputClaimsTransformations>
          <UseTechnicalProfileForSessionManagement ReferenceId="SM-SocialLogin" />
        </TechnicalProfile>
      </TechnicalProfiles>
    </ClaimsProvider>

    <!-- LinkedIn claims provider -->
    <ClaimsProvider>
      <Domain>linkedin.com</Domain>
      <DisplayName>LinkedIn</DisplayName>
      <TechnicalProfiles>
        <TechnicalProfile Id="LinkedIn-OAUTH">
          <DisplayName>LinkedIn</DisplayName>
          <Protocol Name="OAuth2" />
          <Metadata>
            <Item Key="ProviderName">linkedin</Item>
            <Item Key="authorization_endpoint">https://www.linkedin.com/oauth/v2/authorization</Item>
            <Item Key="AccessTokenEndpoint">https://www.linkedin.com/oauth/v2/accessToken</Item>
            <Item Key="ClaimsEndpointAccessTokenName">oauth2_access_token</Item>
            <Item Key="ClaimsEndpointFormatName">format</Item>
            <Item Key="ClaimsEndpointFormat">json</Item>
            <Item Key="HttpBinding">POST</Item>
            <Item Key="UsePolicyInRedirectUri">0</Item>
          </Metadata>
          <CryptographicKeys>
            <Key Id="client_secret" StorageReferenceId="B2C_1A_LinkedInSecret" />
          </CryptographicKeys>
          <OutputClaims>
            <OutputClaim ClaimTypeReferenceId="socialIdpUserId" PartnerClaimType="id" />
            <OutputClaim ClaimTypeReferenceId="givenName" PartnerClaimType="firstName" />
            <OutputClaim ClaimTypeReferenceId="surname" PartnerClaimType="lastName" />
            <OutputClaim ClaimTypeReferenceId="email" PartnerClaimType="emailAddress" />
            <OutputClaim ClaimTypeReferenceId="userPicture" PartnerClaimType="picture-url" />
            <!-- <OutputClaim ClaimTypeReferenceId="jobTitle" PartnerClaimType="headline" /> -->
            <OutputClaim ClaimTypeReferenceId="identityProvider" DefaultValue="linkedin.com" />
            <OutputClaim ClaimTypeReferenceId="authenticationSource" DefaultValue="socialIdpAuthentication" />
          </OutputClaims>
          <OutputClaimsTransformations>
            <OutputClaimsTransformation ReferenceId="CreateRandomUPNUserName" />
            <OutputClaimsTransformation ReferenceId="CreateUserPrincipalName" />
            <OutputClaimsTransformation ReferenceId="CreateAlternativeSecurityId" />
            <OutputClaimsTransformation ReferenceId="CreateSubjectClaimFromAlternativeSecurityId" />
          </OutputClaimsTransformations>
          <UseTechnicalProfileForSessionManagement ReferenceId="SM-SocialLogin" />
        </TechnicalProfile>
      </TechnicalProfiles>
    </ClaimsProvider>

    <!-- Google claims provider -->
    <ClaimsProvider>
      <Domain>google.com</Domain>
      <DisplayName>Google</DisplayName>
      <TechnicalProfiles>
        <TechnicalProfile Id="Google-OAUTH">
          <DisplayName>Google</DisplayName>
          <Protocol Name="OAuth2" />
          <Metadata>
            <Item Key="ProviderName">google</Item>
            <Item Key="authorization_endpoint">https://accounts.google.com/o/oauth2/auth</Item>
            <Item Key="AccessTokenEndpoint">https://accounts.google.com/o/oauth2/token</Item>
            <Item Key="HttpBinding">POST</Item>
            <Item Key="UsePolicyInRedirectUri">0</Item>
          </Metadata>
          <CryptographicKeys>
            <Key Id="client_secret" StorageReferenceId="B2C_1A_GoogleSecret" />
          </CryptographicKeys>
          <OutputClaims>
            <OutputClaim ClaimTypeReferenceId="socialIdpUserId" PartnerClaimType="id" />
            <OutputClaim ClaimTypeReferenceId="email" PartnerClaimType="email" />
            <OutputClaim ClaimTypeReferenceId="givenName" PartnerClaimType="given_name" />
            <OutputClaim ClaimTypeReferenceId="surname" PartnerClaimType="family_name" />
            <OutputClaim ClaimTypeReferenceId="displayName" PartnerClaimType="name" />
            <OutputClaim ClaimTypeReferenceId="identityProvider" DefaultValue="google.com" />
            <OutputClaim ClaimTypeReferenceId="authenticationSource" DefaultValue="socialIdpAuthentication" />
          </OutputClaims>
          <OutputClaimsTransformations>
            <OutputClaimsTransformation ReferenceId="CreateRandomUPNUserName" />
            <OutputClaimsTransformation ReferenceId="CreateUserPrincipalName" />
            <OutputClaimsTransformation ReferenceId="CreateAlternativeSecurityId" />
            <OutputClaimsTransformation ReferenceId="CreateSubjectClaimFromAlternativeSecurityId" />
          </OutputClaimsTransformations>
          <UseTechnicalProfileForSessionManagement ReferenceId="SM-SocialLogin" />
          <ErrorHandlers>
            <ErrorHandler>
              <ErrorResponseFormat>json</ErrorResponseFormat>
              <ResponseMatch>$[?(@.error == 'invalid_grant')]</ResponseMatch>
              <Action>Reauthenticate</Action>
              <!--In case of authroziation code used error, we don't want the user to select his account again.-->
              <!--AdditionalRequestParameters Key="prompt">select_account</AdditionalRequestParameters-->
            </ErrorHandler>
          </ErrorHandlers>
        </TechnicalProfile>
      </TechnicalProfiles>
    </ClaimsProvider>

    <!-- Microsoft Live claims provider -->
    <ClaimsProvider>
      <Domain>live.com</Domain>
      <DisplayName>Microsoft Account</DisplayName>
      <TechnicalProfiles>
        <TechnicalProfile Id="MSA-OIDC">
          <DisplayName>Microsoft Account</DisplayName>
          <Protocol Name="OpenIdConnect" />
          <Metadata>
            <Item Key="ProviderName">https://login.live.com</Item>
            <Item Key="response_types">code</Item>
            <Item Key="response_mode">form_post</Item>
            <Item Key="HttpBinding">POST</Item>
            <Item Key="UsePolicyInRedirectUri">0</Item>
          </Metadata>
          <CryptographicKeys>
            <Key Id="client_secret" StorageReferenceId="B2C_1A_MSASecret" />
          </CryptographicKeys>
          <OutputClaims>
            <OutputClaim ClaimTypeReferenceId="identityProvider" DefaultValue="live.com" />
            <OutputClaim ClaimTypeReferenceId="authenticationSource" DefaultValue="socialIdpAuthentication" />
            <OutputClaim ClaimTypeReferenceId="socialIdpUserId" PartnerClaimType="sub" />
            <OutputClaim ClaimTypeReferenceId="displayName" PartnerClaimType="name" />
            <OutputClaim ClaimTypeReferenceId="email" />
          </OutputClaims>
          <OutputClaimsTransformations>
            <OutputClaimsTransformation ReferenceId="CreateRandomUPNUserName" />
            <OutputClaimsTransformation ReferenceId="CreateUserPrincipalName" />
            <OutputClaimsTransformation ReferenceId="CreateAlternativeSecurityId" />
            <OutputClaimsTransformation ReferenceId="CreateSubjectClaimFromAlternativeSecurityId" />
          </OutputClaimsTransformations>
          <UseTechnicalProfileForSessionManagement ReferenceId="SM-SocialLogin" />
        </TechnicalProfile>
      </TechnicalProfiles>
    </ClaimsProvider>

    <ClaimsProvider>
      <DisplayName>Local Account SignIn</DisplayName>
      <TechnicalProfiles>
        <TechnicalProfile Id="login-NonInteractive">
          <DisplayName>Local Account SignIn</DisplayName>
          <Protocol Name="OpenIdConnect" />
          <Metadata>
            <Item Key="UserMessageIfClaimsPrincipalDoesNotExist">We can't seem to find your account</Item>
            <Item Key="UserMessageIfInvalidPassword">Your password is incorrect</Item>
            <Item Key="UserMessageIfOldPasswordUsed">Looks like you used an old password</Item>

            <Item Key="ProviderName">https://sts.windows.net/</Item>
            <Item Key="METADATA">https://login.microsoftonline.com/{tenant}/.well-known/openid-configuration</Item>
            <Item Key="authorization_endpoint">https://login.microsoftonline.com/{tenant}/oauth2/token</Item>
            <Item Key="response_types">id_token</Item>
            <Item Key="response_mode">query</Item>
            <Item Key="scope">email openid</Item>

            <!-- Policy Engine Clients -->
            <Item Key="UsePolicyInRedirectUri">false</Item>
            <Item Key="HttpBinding">POST</Item>
          </Metadata>
          <InputClaims>
            <InputClaim ClaimTypeReferenceId="signInName" PartnerClaimType="username" Required="true" />
            <InputClaim ClaimTypeReferenceId="password" Required="true" />
            <InputClaim ClaimTypeReferenceId="grant_type" DefaultValue="password" />
            <InputClaim ClaimTypeReferenceId="scope" DefaultValue="openid" />
            <InputClaim ClaimTypeReferenceId="nca" PartnerClaimType="nca" DefaultValue="1" />
          </InputClaims>
          <OutputClaims>
            <OutputClaim ClaimTypeReferenceId="objectId" PartnerClaimType="oid" />
            <OutputClaim ClaimTypeReferenceId="tenantId" PartnerClaimType="tid" />
            <OutputClaim ClaimTypeReferenceId="givenName" PartnerClaimType="given_name" />
            <OutputClaim ClaimTypeReferenceId="surName" PartnerClaimType="family_name" />
            <OutputClaim ClaimTypeReferenceId="displayName" PartnerClaimType="name" />
            <OutputClaim ClaimTypeReferenceId="userPrincipalName" PartnerClaimType="upn" />
            <OutputClaim ClaimTypeReferenceId="authenticationSource" DefaultValue="localAccountAuthentication" />
          </OutputClaims>
        </TechnicalProfile>
      </TechnicalProfiles>
    </ClaimsProvider>

    <ClaimsProvider>
      <DisplayName>Azure Active Directory</DisplayName>
      <TechnicalProfiles>

        <TechnicalProfile Id="AAD-Common">
          <DisplayName>Azure Active Directory</DisplayName>
          <Protocol Name="Proprietary" Handler="Web.TPEngine.Providers.AzureActiveDirectoryProvider, Web.TPEngine, Version=1.0.0.0, Culture=neutral, PublicKeyToken=null" />

          <CryptographicKeys>
            <Key Id="issuer_secret" StorageReferenceId="B2C_1A_TokenSigningKeyContainer" />
          </CryptographicKeys>

          <!-- We need this here to suppress the SelfAsserted provider from invoking SSO on validation profiles. -->
          <IncludeInSso>false</IncludeInSso>
          <UseTechnicalProfileForSessionManagement ReferenceId="SM-Noop" />
        </TechnicalProfile>

        <!-- Technical profiles for social logins -->

        <TechnicalProfile Id="AAD-UserWriteUsingAlternativeSecurityId">
          <Metadata>
            <Item Key="Operation">Write</Item>
            <Item Key="RaiseErrorIfClaimsPrincipalAlreadyExists">true</Item>
            <Item Key="UserMessageIfClaimsPrincipalAlreadyExists">You are already registered, please press the back button and sign in instead.</Item>
          </Metadata>
          <IncludeInSso>false</IncludeInSso>
          <InputClaimsTransformations>
            <InputClaimsTransformation ReferenceId="CreateOtherMailsFromEmail" />
          </InputClaimsTransformations>
          <InputClaims>
            <InputClaim ClaimTypeReferenceId="AlternativeSecurityId" PartnerClaimType="alternativeSecurityId" Required="true" />
          </InputClaims>
          <PersistedClaims>
            <!-- Required claims -->
            <PersistedClaim ClaimTypeReferenceId="alternativeSecurityId" />
            <PersistedClaim ClaimTypeReferenceId="userPrincipalName" />
            <PersistedClaim ClaimTypeReferenceId="mailNickName" DefaultValue="unknown" />
            <PersistedClaim ClaimTypeReferenceId="displayName" DefaultValue="unknown" />

            <!-- Optional claims -->
            <PersistedClaim ClaimTypeReferenceId="otherMails" />
            <PersistedClaim ClaimTypeReferenceId="givenName" />
            <PersistedClaim ClaimTypeReferenceId="surname" />
          </PersistedClaims>
          <OutputClaims>
            <OutputClaim ClaimTypeReferenceId="objectId" />
            <OutputClaim ClaimTypeReferenceId="newUser" PartnerClaimType="newClaimsPrincipalCreated" />
            <!-- The following other mails claim is needed for the case when a user is created, we get otherMails from directory. Self-asserted provider also has an
                 OutputClaims, and if this is absent, Self-Asserted provider will prompt the user for otherMails. -->
            <OutputClaim ClaimTypeReferenceId="otherMails" />
          </OutputClaims>
          <IncludeTechnicalProfile ReferenceId="AAD-Common" />
          <UseTechnicalProfileForSessionManagement ReferenceId="SM-AAD" />
        </TechnicalProfile>

        <TechnicalProfile Id="AAD-UserReadUsingAlternativeSecurityId">
          <Metadata>
            <Item Key="Operation">Read</Item>
            <Item Key="RaiseErrorIfClaimsPrincipalDoesNotExist">true</Item>
            <Item Key="UserMessageIfClaimsPrincipalDoesNotExist">User does not exist. Please sign up before you can sign in.</Item>
          </Metadata>
          <InputClaims>
            <InputClaim ClaimTypeReferenceId="AlternativeSecurityId" PartnerClaimType="alternativeSecurityId" Required="true" />
          </InputClaims>
          <OutputClaims>
            <!-- Required claims -->

            <OutputClaim ClaimTypeReferenceId="objectId" />

            <!-- Optional claims -->
            <OutputClaim ClaimTypeReferenceId="userPrincipalName" />
            <OutputClaim ClaimTypeReferenceId="displayName" />
            <OutputClaim ClaimTypeReferenceId="otherMails" />
            <OutputClaim ClaimTypeReferenceId="givenName" />
            <OutputClaim ClaimTypeReferenceId="surname" />
          </OutputClaims>
          <IncludeTechnicalProfile ReferenceId="AAD-Common" />
        </TechnicalProfile>

        <TechnicalProfile Id="AAD-UserReadUsingAlternativeSecurityId-NoError">
          <Metadata>
            <Item Key="RaiseErrorIfClaimsPrincipalDoesNotExist">false</Item>
          </Metadata>
          <IncludeTechnicalProfile ReferenceId="AAD-UserReadUsingAlternativeSecurityId" />
        </TechnicalProfile>

        <!-- Technical profiles for local accounts -->

        <TechnicalProfile Id="AAD-UserWriteUsingLogonEmail">
          <Metadata>
            <Item Key="Operation">Write</Item>
            <Item Key="RaiseErrorIfClaimsPrincipalAlreadyExists">true</Item>
          </Metadata>
          <IncludeInSso>false</IncludeInSso>
          <InputClaims>
            <InputClaim ClaimTypeReferenceId="email" PartnerClaimType="signInNames.emailAddress" Required="true" />
          </InputClaims>
          <PersistedClaims>
            <!-- Required claims -->
            <PersistedClaim ClaimTypeReferenceId="email" PartnerClaimType="signInNames.emailAddress" />
            <PersistedClaim ClaimTypeReferenceId="newPassword" PartnerClaimType="password"/>
            <PersistedClaim ClaimTypeReferenceId="displayName" DefaultValue="unknown" />
            <PersistedClaim ClaimTypeReferenceId="passwordPolicies" DefaultValue="DisablePasswordExpiration" />

            <!-- Optional claims. -->
            <PersistedClaim ClaimTypeReferenceId="givenName" />
            <PersistedClaim ClaimTypeReferenceId="surname" />
          </PersistedClaims>
          <OutputClaims>
            <OutputClaim ClaimTypeReferenceId="objectId" />
            <OutputClaim ClaimTypeReferenceId="newUser" PartnerClaimType="newClaimsPrincipalCreated" />
            <OutputClaim ClaimTypeReferenceId="authenticationSource" DefaultValue="localAccountAuthentication" />
            <OutputClaim ClaimTypeReferenceId="userPrincipalName" />
            <OutputClaim ClaimTypeReferenceId="signInNames.emailAddress" />
          </OutputClaims>
          <IncludeTechnicalProfile ReferenceId="AAD-Common" />
          <UseTechnicalProfileForSessionManagement ReferenceId="SM-AAD" />
        </TechnicalProfile>

        <TechnicalProfile Id="AAD-UserReadUsingEmailAddress">
          <Metadata>
            <Item Key="Operation">Read</Item>
            <Item Key="RaiseErrorIfClaimsPrincipalDoesNotExist">true</Item>
            <Item Key="UserMessageIfClaimsPrincipalDoesNotExist">An account could not be found for the provided user ID.</Item>
          </Metadata>
          <IncludeInSso>false</IncludeInSso>
          <InputClaims>
            <InputClaim ClaimTypeReferenceId="email" PartnerClaimType="signInNames" Required="true" />
          </InputClaims>
          <OutputClaims>
            <!-- Required claims -->
            <OutputClaim ClaimTypeReferenceId="objectId" />
            <OutputClaim ClaimTypeReferenceId="authenticationSource" DefaultValue="localAccountAuthentication" />

            <!-- Optional claims -->
            <OutputClaim ClaimTypeReferenceId="userPrincipalName" />
            <OutputClaim ClaimTypeReferenceId="displayName" />
            <OutputClaim ClaimTypeReferenceId="otherMails" />
            <OutputClaim ClaimTypeReferenceId="signInNames.emailAddress" />
          </OutputClaims>
          <IncludeTechnicalProfile ReferenceId="AAD-Common" />
        </TechnicalProfile>

        <TechnicalProfile Id="AAD-UserWritePasswordUsingObjectId">
          <Metadata>
            <Item Key="Operation">Write</Item>
            <Item Key="RaiseErrorIfClaimsPrincipalDoesNotExist">true</Item>
          </Metadata>
          <IncludeInSso>false</IncludeInSso>
          <InputClaims>
            <InputClaim ClaimTypeReferenceId="objectId" Required="true" />
          </InputClaims>
          <PersistedClaims>
            <PersistedClaim ClaimTypeReferenceId="objectId" />
            <PersistedClaim ClaimTypeReferenceId="newPassword" PartnerClaimType="password"/>

          </PersistedClaims>
          <IncludeTechnicalProfile ReferenceId="AAD-Common" />
        </TechnicalProfile>

        <!-- Technical profiles for updating user record using objectId -->

        <TechnicalProfile Id="AAD-UserWriteProfileUsingObjectId">
          <Metadata>
            <Item Key="Operation">Write</Item>
            <Item Key="RaiseErrorIfClaimsPrincipalAlreadyExists">false</Item>
            <Item Key="RaiseErrorIfClaimsPrincipalDoesNotExist">true</Item>
          </Metadata>
          <IncludeInSso>false</IncludeInSso>
          <InputClaims>
            <InputClaim ClaimTypeReferenceId="objectId" Required="true" />
          </InputClaims>
          <PersistedClaims>
            <!-- Required claims -->
            <PersistedClaim ClaimTypeReferenceId="objectId" />

            <!-- Optional claims -->
            <PersistedClaim ClaimTypeReferenceId="givenName" />
            <PersistedClaim ClaimTypeReferenceId="surname" />
          </PersistedClaims>
          <IncludeTechnicalProfile ReferenceId="AAD-Common" />
        </TechnicalProfile>

        <!-- The following technical profile is used to read data after user authenticates. -->
        <TechnicalProfile Id="AAD-UserReadUsingObjectId">
          <Metadata>
            <Item Key="Operation">Read</Item>
            <Item Key="RaiseErrorIfClaimsPrincipalDoesNotExist">true</Item>
          </Metadata>
          <IncludeInSso>false</IncludeInSso>
          <InputClaims>
            <InputClaim ClaimTypeReferenceId="objectId" Required="true" />
          </InputClaims>
          <OutputClaims>

            <!-- Optional claims -->
            <OutputClaim ClaimTypeReferenceId="signInNames.emailAddress" />
            <OutputClaim ClaimTypeReferenceId="displayName" />
            <OutputClaim ClaimTypeReferenceId="otherMails" />
            <OutputClaim ClaimTypeReferenceId="givenName" />
            <OutputClaim ClaimTypeReferenceId="surname" />
          </OutputClaims>
          <IncludeTechnicalProfile ReferenceId="AAD-Common" />
        </TechnicalProfile>

      </TechnicalProfiles>
    </ClaimsProvider>

    <ClaimsProvider>
      <DisplayName>Self Asserted</DisplayName>
      <TechnicalProfiles>

        <TechnicalProfile Id="SelfAsserted-Social">
          <DisplayName>User ID signup</DisplayName>
          <Protocol Name="Proprietary" Handler="Web.TPEngine.Providers.SelfAssertedAttributeProvider, Web.TPEngine, Version=1.0.0.0, Culture=neutral, PublicKeyToken=null" />
          <Metadata>
            <Item Key="ContentDefinitionReferenceId">api.selfasserted</Item>
          </Metadata>
          <CryptographicKeys>
            <Key Id="issuer_secret" StorageReferenceId="B2C_1A_TokenSigningKeyContainer" />
          </CryptographicKeys>
          <InputClaims>
            <!-- These claims ensure that any values retrieved in the previous steps (e.g. from an external IDP) are prefilled. 
                 Note that some of these claims may not have any value, for example, if the external IDP did not provide any of
                 these values, or if the claim did not appear in the OutputClaims section of the IDP.
                 In addition, if a claim is not in the InputClaims section, but it is in the OutputClaims section, then its
                 value will not be prefilled, but the user will still be prompted for it (with an empty value). -->
            <InputClaim ClaimTypeReferenceId="displayName" />
            <InputClaim ClaimTypeReferenceId="givenName" />
            <InputClaim ClaimTypeReferenceId="surname" />
          </InputClaims>
          <OutputClaims>
            <!-- These claims are not shown to the user because their value is obtained through the "ValidationTechnicalProfiles"
                 referenced below, or a default value is assigned to the claim. A claim is only shown to the user to provide a 
                 value if its value cannot be obtained through any other means. -->
            <OutputClaim ClaimTypeReferenceId="objectId" />
            <OutputClaim ClaimTypeReferenceId="newUser" />
            <OutputClaim ClaimTypeReferenceId="executed-SelfAsserted-Input" DefaultValue="true" />

            <!-- Optional claims. These claims are collected from the user and can be modified. If a claim is to be persisted in the directory after having been 
                 collected from the user, it needs to be added as a PersistedClaim in the ValidationTechnicalProfile referenced below, i.e. 
                 in AAD-UserWriteUsingAlternativeSecurityId. -->
            <OutputClaim ClaimTypeReferenceId="displayName" />
            <OutputClaim ClaimTypeReferenceId="givenName" />
            <OutputClaim ClaimTypeReferenceId="surname" />
          </OutputClaims>
          <ValidationTechnicalProfiles>
            <ValidationTechnicalProfile ReferenceId="AAD-UserWriteUsingAlternativeSecurityId" />
          </ValidationTechnicalProfiles>
          <UseTechnicalProfileForSessionManagement ReferenceId="SM-SocialSignup" />
        </TechnicalProfile>

        <TechnicalProfile Id="SelfAsserted-ProfileUpdate">
          <DisplayName>User ID signup</DisplayName>
          <Protocol Name="Proprietary" Handler="Web.TPEngine.Providers.SelfAssertedAttributeProvider, Web.TPEngine, Version=1.0.0.0, Culture=neutral, PublicKeyToken=null" />
          <Metadata>
            <Item Key="ContentDefinitionReferenceId">api.selfasserted.profileupdate</Item>
          </Metadata>
          <IncludeInSso>false</IncludeInSso>
          <InputClaims>

            <InputClaim ClaimTypeReferenceId="alternativeSecurityId" />

            <InputClaim ClaimTypeReferenceId="userPrincipalName" />

            <!-- Optional claims. These claims are collected from the user and can be modified. Any claim added here should be updated in the
                 ValidationTechnicalProfile referenced below so it can be written to directory after being updateed by the user, i.e. AAD-UserWriteProfileUsingObjectId. -->
            <InputClaim ClaimTypeReferenceId="givenName" />
            <InputClaim ClaimTypeReferenceId="surname" />
          </InputClaims>
          <OutputClaims>
            <!-- Required claims -->
            <OutputClaim ClaimTypeReferenceId="executed-SelfAsserted-Input" DefaultValue="true" />

            <!-- Optional claims. These claims are collected from the user and can be modified. Any claim added here should be updated in the
                 ValidationTechnicalProfile referenced below so it can be written to directory after being updateed by the user, i.e. AAD-UserWriteProfileUsingObjectId. -->
            <OutputClaim ClaimTypeReferenceId="givenName" />
            <OutputClaim ClaimTypeReferenceId="surname" />
          </OutputClaims>
          <ValidationTechnicalProfiles>
            <ValidationTechnicalProfile ReferenceId="AAD-UserWriteProfileUsingObjectId" />
          </ValidationTechnicalProfiles>
        </TechnicalProfile>
      </TechnicalProfiles>
    </ClaimsProvider>

    <ClaimsProvider>
      <DisplayName>Local Account</DisplayName>
      <TechnicalProfiles>

        <TechnicalProfile Id="LocalAccountSignUpWithLogonEmail">
          <DisplayName>Email signup</DisplayName>
          <Protocol Name="Proprietary" Handler="Web.TPEngine.Providers.SelfAssertedAttributeProvider, Web.TPEngine, Version=1.0.0.0, Culture=neutral, PublicKeyToken=null" />
          <Metadata>
            <Item Key="IpAddressClaimReferenceId">IpAddress</Item>
            <Item Key="ContentDefinitionReferenceId">api.localaccountsignup</Item>
            <Item Key="language.button_continue">Create</Item>
          </Metadata>
          <CryptographicKeys>
            <Key Id="issuer_secret" StorageReferenceId="B2C_1A_TokenSigningKeyContainer" />
          </CryptographicKeys>
          <InputClaims>
            <InputClaim ClaimTypeReferenceId="email" />
          </InputClaims>
          <OutputClaims>
            <OutputClaim ClaimTypeReferenceId="objectId" />
            <OutputClaim ClaimTypeReferenceId="email" PartnerClaimType="Verified.Email" Required="true" />
            <OutputClaim ClaimTypeReferenceId="newPassword" Required="true" />
            <OutputClaim ClaimTypeReferenceId="reenterPassword" Required="true" />
            <OutputClaim ClaimTypeReferenceId="executed-SelfAsserted-Input" DefaultValue="true" />
            <OutputClaim ClaimTypeReferenceId="authenticationSource" />
            <OutputClaim ClaimTypeReferenceId="newUser" />

            <!-- Optional claims, to be collected from the user -->
            <!-- <OutputClaim ClaimTypeReferenceId="displayName" /> -->
            <OutputClaim ClaimTypeReferenceId="givenName" />
            <OutputClaim ClaimTypeReferenceId="surName" />
          </OutputClaims>
          <ValidationTechnicalProfiles>
            <ValidationTechnicalProfile ReferenceId="AAD-UserWriteUsingLogonEmail" />
          </ValidationTechnicalProfiles>
          <UseTechnicalProfileForSessionManagement ReferenceId="SM-AAD" />
        </TechnicalProfile>

        <!-- This technical profile uses a validation technical profile to authenticate the user. -->
        <TechnicalProfile Id="SelfAsserted-LocalAccountSignin-Email">
          <DisplayName>Local Account Signin</DisplayName>
          <Protocol Name="Proprietary" Handler="Web.TPEngine.Providers.SelfAssertedAttributeProvider, Web.TPEngine, Version=1.0.0.0, Culture=neutral, PublicKeyToken=null" />
          <Metadata>
            <Item Key="SignUpTarget">SignUpWithLogonEmailExchange</Item>
            <Item Key="setting.operatingMode">Email</Item>
            <Item Key="ContentDefinitionReferenceId">api.selfasserted</Item>
          </Metadata>
          <IncludeInSso>false</IncludeInSso>
          <InputClaims>
            <InputClaim ClaimTypeReferenceId="signInName" />
          </InputClaims>
          <OutputClaims>
            <OutputClaim ClaimTypeReferenceId="signInName" Required="true" />
            <OutputClaim ClaimTypeReferenceId="password" Required="true" />
            <OutputClaim ClaimTypeReferenceId="objectId" />
            <OutputClaim ClaimTypeReferenceId="authenticationSource" />
          </OutputClaims>
          <ValidationTechnicalProfiles>
            <ValidationTechnicalProfile ReferenceId="login-NonInteractive" />
          </ValidationTechnicalProfiles>
          <UseTechnicalProfileForSessionManagement ReferenceId="SM-AAD" />
        </TechnicalProfile>

        <!-- This technical profile forces the user to verify the email address that they provide on the UI. Only after email is verified, the user account is
        read from the directory. -->
        <TechnicalProfile Id="LocalAccountDiscoveryUsingEmailAddress">
          <DisplayName>Reset password using email address</DisplayName>
          <Protocol Name="Proprietary" Handler="Web.TPEngine.Providers.SelfAssertedAttributeProvider, Web.TPEngine, Version=1.0.0.0, Culture=neutral, PublicKeyToken=null" />
          <Metadata>
            <Item Key="IpAddressClaimReferenceId">IpAddress</Item>
            <Item Key="ContentDefinitionReferenceId">api.localaccountpasswordreset</Item>
          </Metadata>
          <CryptographicKeys>
            <Key Id="issuer_secret" StorageReferenceId="B2C_1A_TokenSigningKeyContainer" />
          </CryptographicKeys>
          <IncludeInSso>false</IncludeInSso>
          <OutputClaims>
            <OutputClaim ClaimTypeReferenceId="email" PartnerClaimType="Verified.Email" Required="true" />
            <OutputClaim ClaimTypeReferenceId="objectId" />
            <OutputClaim ClaimTypeReferenceId="userPrincipalName" />
            <OutputClaim ClaimTypeReferenceId="authenticationSource" />

          </OutputClaims>
          <ValidationTechnicalProfiles>
            <ValidationTechnicalProfile ReferenceId="AAD-UserReadUsingEmailAddress" />
          </ValidationTechnicalProfiles>
        </TechnicalProfile>

        <TechnicalProfile Id="LocalAccountWritePasswordUsingObjectId">
          <DisplayName>Change password (username)</DisplayName>
          <Protocol Name="Proprietary" Handler="Web.TPEngine.Providers.SelfAssertedAttributeProvider, Web.TPEngine, Version=1.0.0.0, Culture=neutral, PublicKeyToken=null" />
          <Metadata>
            <Item Key="ContentDefinitionReferenceId">api.localaccountpasswordreset</Item>
          </Metadata>
          <CryptographicKeys>
            <Key Id="issuer_secret" StorageReferenceId="B2C_1A_TokenSigningKeyContainer" />
          </CryptographicKeys>
          <InputClaims>
            <InputClaim ClaimTypeReferenceId="objectId" />

          </InputClaims>
          <OutputClaims>
            <OutputClaim ClaimTypeReferenceId="newPassword" Required="true" />
            <OutputClaim ClaimTypeReferenceId="reenterPassword" Required="true" />
          </OutputClaims>
          <ValidationTechnicalProfiles>
            <ValidationTechnicalProfile ReferenceId="AAD-UserWritePasswordUsingObjectId" />
          </ValidationTechnicalProfiles>
        </TechnicalProfile>

      </TechnicalProfiles>
    </ClaimsProvider>

    <ClaimsProvider>
      <DisplayName>Session Management</DisplayName>
      <TechnicalProfiles>
        <TechnicalProfile Id="SM-Noop">
          <DisplayName>Noop Session Management Provider</DisplayName>
          <Protocol Name="Proprietary" Handler="Web.TPEngine.SSO.NoopSSOSessionProvider, Web.TPEngine, Version=1.0.0.0, Culture=neutral, PublicKeyToken=null" />
        </TechnicalProfile>

        <TechnicalProfile Id="SM-AAD">
          <DisplayName>Session Mananagement Provider</DisplayName>
          <Protocol Name="Proprietary" Handler="Web.TPEngine.SSO.DefaultSSOSessionProvider, Web.TPEngine, Version=1.0.0.0, Culture=neutral, PublicKeyToken=null" />
          <PersistedClaims>
            <PersistedClaim ClaimTypeReferenceId="objectId" />
            <PersistedClaim ClaimTypeReferenceId="signInName" />
            <PersistedClaim ClaimTypeReferenceId="authenticationSource" />
            <PersistedClaim ClaimTypeReferenceId="identityProvider" />
            <PersistedClaim ClaimTypeReferenceId="newUser" />
            <PersistedClaim ClaimTypeReferenceId="executed-SelfAsserted-Input" />
          </PersistedClaims>
          <OutputClaims>
            <OutputClaim ClaimTypeReferenceId="objectIdFromSession" DefaultValue="true"/>
          </OutputClaims>
        </TechnicalProfile>

        <!-- Profile name is being used to disambiguate AAD session between sign up and sign in -->
        <TechnicalProfile Id="SM-SocialSignup">
          <IncludeTechnicalProfile ReferenceId="SM-AAD" />
        </TechnicalProfile>

        <TechnicalProfile Id="SM-SocialLogin">
          <DisplayName>Session Mananagement Provider</DisplayName>
          <Protocol Name="Proprietary" Handler="Web.TPEngine.SSO.ExternalLoginSSOSessionProvider, Web.TPEngine, Version=1.0.0.0, Culture=neutral, PublicKeyToken=null" />
          <Metadata>
            <Item Key="AlwaysFetchClaimsFromProvider">true</Item>
          </Metadata>
          <PersistedClaims>
            <PersistedClaim ClaimTypeReferenceId="AlternativeSecurityId" />
          </PersistedClaims>
        </TechnicalProfile>

      </TechnicalProfiles>
    </ClaimsProvider>

    <ClaimsProvider>
      <DisplayName>Trustframework Policy Engine TechnicalProfiles</DisplayName>
      <TechnicalProfiles>
        <TechnicalProfile Id="TpEngine_c3bd4fe2-1775-4013-b91d-35f16d377d13">
          <DisplayName>Trustframework Policy Engine Default Technical Profile</DisplayName>
          <Protocol Name="None" />
          <Metadata>
            <Item Key="url">{service:te}</Item>
          </Metadata>
        </TechnicalProfile>
      </TechnicalProfiles>
    </ClaimsProvider>

    <ClaimsProvider>
      <DisplayName>Token Issuer</DisplayName>
      <TechnicalProfiles>
        <TechnicalProfile Id="JwtIssuer">
          <DisplayName>JWT Issuer</DisplayName>
          <Protocol Name="None" />
          <OutputTokenFormat>JWT</OutputTokenFormat>
          <Metadata>
            <Item Key="client_id">{service:te}</Item>
            <Item Key="issuer_refresh_token_user_identity_claim_type">objectId</Item>
            <Item Key="SendTokenResponseBodyWithJsonNumbers">true</Item>
          </Metadata>
          <CryptographicKeys>
            <Key Id="issuer_secret" StorageReferenceId="B2C_1A_TokenSigningKeyContainer" />
            <Key Id="issuer_refresh_token_key" StorageReferenceId="B2C_1A_TokenEncryptionKeyContainer" />
          </CryptographicKeys>
          <InputClaims />
          <OutputClaims />
        </TechnicalProfile>
      </TechnicalProfiles>
    </ClaimsProvider>

  </ClaimsProviders>

  <!-- <UserJourneys> -->

  <!-- </UserJourneys> -->
</TrustFrameworkPolicy>